texts,llm_responses,actual_labels,complete_responses
"The stock price rose 70.0 ores or 0.9 % to close at SEK77 .65 , ending a two-day streak of losses .",1,0,1
"`` Installation of the automatic varnishing line is an important part of the company 's strategy in the region of central and eastern Europe , '' said Jozef Misurec , the director of Ruukki Slovakia .",1,0,1
Finnish Aldata Solution has signed a contract of supply its G.O.L.D. system to two French retail chains .,1,0,1
"Operating loss totalled EUR 5.2 mn , compared to a loss of EUR 3.4 mn in the corresponding period in 2008-2009 .",2,1,2
Kaupthing Bank will publish its annual results for 2007 before markets open on Thursday 31 January .,1,2,1
"`` The biggest challenge was to make the piece look raw , '' Hansen said .",1,2,1
"Tiimari Latvian representative Ineta Zaharova said that the company earned LVL 122,000 in 2005 profit , which is 20 times more that in 2004 .",1,0,1
"Oriola-KD , headquartered in Espoo , Finland , is a leading distributor of pharmaceutical and healthcare products with 1,300 employees in the Nordic and Baltic countries .",1,2,1
Connectivity Services include outsourced Scan and Capture which transfers paper invoices into electronic format and Basware Business Transactions Service enables the customer to receive and send invoices in an electronic format .,2,2,2
"In food trade , sales amounted to EUR320 .1 m , a decline of 1.1 % .",2,1,2
"HUHTAMAKI OYJ STOCK EXCHANGE RELEASE , 16.9.2008 AT 13.32 Huhtamaki 's Capital Markets Day for institutional investors and analysts is held in Espoo , September 16 , 2008 starting at 13.30 pm Finnish time .",2,2,2
Operating profit rose to EUR 13.5 mn from EUR 9.7 mn in the corresponding period in 2006 .,1,0,1
The company did not distribute a dividend in 2005 .,2,2,2
"Componenta is a metal sector company with international operations and production plants located in Finland , the Netherlands , Sweden and Turkey .",2,2,2
"The company has established a 3G base station at about 17,000 feet at the foot of Mount Everest that will enable mountain climbers at the 29,035-foot summit to surf the Internet and even send videos of their exploits .",1,0,1
"As production of other products will continue normally , temporary lay-offs concern simultaneously at most 80 employees .",2,1,2
"In Finland , metal sector company Componenta is laying off temporarily the staff of its Pori mill from Christmas 2008 till 6 January 2009 .",2,1,2
The amendment will not incur additional costs .,1,2,1
Finnish house manufacturers are targeting the strongly growing one-family house market in Russia .,1,2,1
"Tulikivi manufactures heat-retaining , soapstone and ceramic fireplaces , as well as natural stone products and utility ceramics .",1,2,1
Panostaja did not disclose the purchase price .,2,2,2
"Participants at any of the book discussions or other special events , or visitors to the car dealership were eligible to enter the drawing for the 2005 silver , four-door Altima .",2,2,2
18:30 Dinner The conference program can also be viewed as a live audio webcast through the internet pages at www.citycon.com .,1,2,1
"As a result of these transactions , the aggregate holdings of Burrill Life Sciences Capital Fund , L.P. has decreased below 5 per cent of the total number of shares and votes of the Company .",2,1,2
"The value of the deal exceeds EUR500 ,000 , the company said .",1,2,1
Earnings per share ( EPS ) in 2005 decreased to EUR1 .87 from EUR1 .89 in 2003 .,2,1,2
"Savon koulutuskuntayhtyma , Finland based company has awarded contract for specialist agricultural or forestry machinery .",1,0,1
"Fiskars is also engaged in the global supply of marine and energy equipment solutions and services through its associated company , Wartsila Corporation .",2,2,2
"KONE , headquartered in Espoo , Finland , is one of the world 's leading elevator and escalator companies .",0,2,0
The company aims to maintain this trend in profitability during the current year .,1,0,1
The company 's board of directors has proposed a dividend of EUR0 .12 per share for 2006 .,1,2,1
"Previously , Vaahto Pulp has supplied headboxes with rectifier roll and dilution control technology for Stora Enso 's mill in Imatra , eastern Finland .",2,2,2
A total of $ 78 million will be invested in the project .,1,2,1
"The machine will have an annual production capacity of 200,000 tonnes of super-calendered magazine paper and other paper grades based on recovered fiber , Stora Enso said .",2,2,2
The expanded plant is scheduled to be operational by the middle of October 2009 .,2,2,2
Basware finances the acquisition with a bank loan .,1,2,1
"In Asia earlier , Japan 's Nikkei index fell 0.62 percent and Hong Kong 's Hang Seng Index rose 0.56 percent .",2,2,2
The negotiations will concern the plant 's department producing winded roving that employs 10 people .,2,2,2
"Operating profit was EUR 139.7 mn , up 23 % from EUR 113.8 mn .",1,0,1
"Previously , the company anticipated its operating profit to improve over the same period .",1,0,1
"The share capital of Alma Media Corporation (business ID 1944757-4)is EUR 45,031,513.80 and it is divided into 75,052,523 shares .",2,2,2
"The company , which has EUR2 .8 bn in assets , counts among its five largest shareholders Finnish insurers Ilmarinen 4.34 % and Varma 0.70 % , as well as the Finnish state pension fund VER 0.61 % .",1,2,1
Finland 's Poyry Energy has won a contract to advise builders of a new cogeneration power plant in Lithuania 's second-biggest city of Kaunas and to supervise the construction process .,1,0,1
"KAUKO-TELKO LTD PRESS RELEASE 19.06.2007 AT 14.00 1 ( 1 ) Telko Group ( Kauko-Telko ) is expanding its strategic partnership with BP Industrial Lubricants & Services ( BP ILS ) by acquiring total ownership of BP 's Swedish retail company , Molub-Alloy AB .",1,0,1
21 October 2010 - Finnish fishing tackle company Rapala VMC Corp ( HEL : RAP1V ) said today its net profit rose to EUR18 .9 m for the first nine months of 2010 from EUR15 .1 m for the same period a year earlier .,1,0,1
"Capman , the Finnish alternative asset manager , has made an acquisition for its Helsinki-focused vehicle , Real Estate Fund I. The fund has bought a seven-story office built in 1973 that underwent refurbishment at the end of the 1990s .",2,2,2
The net sales of the Power Plants business were EUR 710.3 million in 2005 .,1,2,1
"HELSINKI ( AFX ) - Shares closed higher , led by Nokia after it announced plans to team up with Sanyo to manufacture 3G handsets , and by Nokian Tyres after its fourth-quarter earnings report beat analysts ' expectations , dealers said .",1,0,1
"ALEXANDRIA , Va. , July 11 -- Hannu Kahonen of Juuka , Finland , has developed an ornamental design for a handle for fire pit door , the U.S. Patent & Trademark Office announced .",1,2,1
Her work at NetApp included strategically repositioning the brand in the category and a major global relaunch .,1,2,1
Comparable operating profit decreased to EUR 13.8 mn from EUR 17.1 mn in the corresponding period in 2005 .,2,1,2
`` Printed fabrics and related design expertise have always been the core of Marimekko 's business and brand .,2,2,2
"- The Group -娄 s profit before taxes was EUR 0,2 7,8 million .",2,2,2
`` Marimekko aims to expand its distribution network primarily by increasing the number of concept stores and shop-in-shops .,1,2,1
Catalysts segment includes refinery catalysts and polyolefin catalysts product categories .,1,2,1
The sellers were the founders of the company .,1,2,1
"Operating profit was EUR 0.6 mn , up from a loss of EUR 19mn a year earlier .",1,0,1
We can capitalize on our experience from a number of similar bridge projects in the Nordic countries .,2,0,2
Finnish waste management and cleaning group Lassila & Tikanoja Oyj ( L&T ) net profit went down to 32.2 mln euro ( $ 47.7 mln ) for 2007 from 35.3 mln euro ( $ 52.3 mln ) for 2006 .,2,1,2
"The 718,430 new Series A shares will become subject to trading on the Helsinki Stock Exchange 's Main List , together with the old Series A shares , on July 3 , 2006 .",2,2,2
"`` If you need malware removal tools , type the URL of your vendor of choice directly into the browser bar and use links on their website , '' wrote Trend Micro 's Rik Ferguson on Monday .",1,2,1
"BasWare Invoice Processing , BasWare Contract Matching , BasWare Order Matching and BasWare KPI Reporting Tool are part of the BasWare 's Enterprise Purchase to Pay solution suite .",1,2,1
Operating profit improved by 16.7 % to EUR 7.7 mn .,1,0,1
This PC application allows users to copy files and other data from their Nokia mobile device to their computer as well as create backup content .,2,2,2
"Tieto offers Aktia a good foundation and the required support services for implementing the update project , ' says Juha Volotinen , responsible for Aktia 's web services .",2,0,2
The company plans to expand into the international market through its subsidiaries and distributors from 2011 onwards .,2,0,2
`` We want to serve K-citymarket customers by offering them interesting and topical selections .,1,2,1
First quarter underlying operating profit rose to 41 mln eur from 33 mln a year earlier .,1,0,1
The newspaper 's best sales asset is high quality journalism and journalistic content .,1,2,1
"The fair value of the investment properties totaled EUR 2,534.9 mn , up from EUR 2,455.1 mn in 2006 .",2,0,2
"SAN FRANCISCO ( MarketWatch ) -- Nokia Corp , the world 's largest cell-phone maker , is using the Consumer Electronics Show in Las Vegas to introduce a high-end , thin folding phone , according to a media report Monday .",1,2,1
"According to him , construction work will start in spring 2007 , and the facility is to be commissioned in spring 2008 .",1,2,1
"The subsidiary will be responsible for filter sales , local assembly of filters and after market services in China .",1,2,1
"The item included restructuring costs of EUR1 .6 m , while a year earlier they were EUR13 .1 m. Diluted EPS stood at EUR0 .3 versus a loss per share of EUR 0.1 .",2,0,2
"Based on strong customer interest and feedback , using RPM mobile phone manufacturers , operators , enterprises and developer forums can significantly increase their product and service quality , user-experience and cost-efficiency '' , Tulonen continues .",1,0,1
From Merisatama to the far corners of the world Asfaltti Osakeyhti+脗 Lemmink+帽inen was established in 1910 by a group of master builders in Helsinki as a specialist business and subcontractor .,2,2,2
"Meanwhile , Nokia said that it will be able to deliver a complete range of services from deployment operations to consulting and integration to managed services as a result of the buyout .",2,0,2
"Viking will pay EUR 130 million for the new ship , which will be completed in January 2008 .",1,2,1
"The company is involved in the the sale of financial products including insurance , mortgages , car and personal loans , financial brokerage and equipment finance leasing .",1,2,1
28 October 2010 - Finnish wood products technology supplier Raute Oyj HEL : RUTAV said today it swung to a net profit of EUR3m for the first nine months of 2010 versus a net loss of EUR5 .2 m for the same period a year earlier .,1,0,1
Quality chargers under CHARGZ brand are sold in selected retail stores and other sales locations world-wide .,2,2,2
Finnish meat company Atria can no longer promise a sufficient amount of domestic beef to its customers .,2,1,2
"( ADP News ) - Feb 12 , 2009 - Finnish construction company Lemminkainen Oyj ( HEL : LEM1S ) said today its net profit decreased to EUR 63.5 million ( USD 81.1 m ) for 2008 from EUR 80.6 million for 2007 .",1,1,1
"A total of 1,800,000 stock options were issued in the 2003 stock option scheme .",1,2,1
"( ADP News ) - Nov 3 , 2008 - Finnish cargo handling systems and services company Cargotec Oyj ( OMX : CGCBV ) said today that it acquired 80 % stakes in Italian service companies CVS Technoports Srl and CVS Service Srl from Italian handli",1,0,1
Cash flow from operating activities is estimated to be positive .,1,0,1
The contract is for next year .,2,2,2
"After non-recurring items of EUR 177mn , profit amounted to EUR 20mn .",1,2,1
hu will offer a further discount of between 25 % and 50 % on selected books .,1,2,1
Rautaruukki Corporation Stock exchange release 3 December 2009 at 12 noon Ruukki 's construction and engineering divisions are to further improve and adjust their operations in Finland .,2,0,2
"According to the original merger plan , Scanfil would get a 79 % stake in the combined business .",1,2,1
Yvonne Jones is owner of Chameleon Interiors .,1,2,1
"However , the suspect stole his burgundy Nissan Altima .",1,1,1
The deal strengthens Ramirent 's position especially in the industrial sector and in large investment projects .,2,0,2
Net profit in the same period in 2006 was (  x20ac ) 172 million .,2,2,2
"The restructuring creates a more efficient organization with increased operational focus and stable profitability , and leads to more efficient production , said Bo Annvik , head of Specialty Stainless .",1,0,1
Etteplan targets to employ at least 20 people in Borl+帽nge .,2,0,2
Other carriers and handset makers spin it as a positive event that will raise interest for higher-end phones and pricier data plans .,2,0,2
"This truly takes efficiency to new heights , '' Mr. Metso adds .",1,0,1
"Clothing retail chain Sepp+帽l+帽 's sales increased by 8 % to EUR 155.2 mn , and operating profit rose to EUR 31.1 mn from EUR 17.1 mn in 2004 .",1,0,1
"Elcoteq 's Electronics Manufacturing Services ( EMS ) Business Segment serves customers globally in Engineering , Manufacturing and Fulfillment services .",1,2,1
"Upon completion of these transactions , Metso 's stake will amount to more than 60 % .",1,2,1
"The developers of that project predict that once it is completed in April 2009 , Skanssi will attract some 4.5 million visitors annually .",2,0,2
"The dividend is payable on February 1 , 2010 to shareholders of record on January 19 , 2010 .",1,2,1
The Group 's cash flow from operations will be positive .,1,0,1
"Body The credit falls due February 24 , 2014 .",2,2,2
Border Guard Service has banned the mooring of the company car-shipping ferry on its test travel at the railroad-car terminal of the Russian port as the border checkpoint is not yet ready .,2,1,2
"Finnish real estate company Sponda Oyj said on April 11 , 2008 it would build Vuosaari Harbour Service Center at the Port of Helsinki .",1,2,1
Tielinja generated net sales of 7.5 mln euro $ 9.6 mln in 2005 .,1,2,1
It will also strengthen Ruukki 's offshore business .,1,0,1
"The government started the sell-off last month , putting an 8 percent stake in TeliaSonera on the auction bloc .",1,2,1
Both sources said Nokia would unveil its new phone code-named `` Tube '' on Oct. 2 at an analyst and media event in London .,1,2,1
"The divestment is in line with the company 's plans to focus on selected growth segments and streamline corporate structure , the company explained .",1,0,1
"Finnish GeoSentric 's net sales decreased to EUR 939,000 in January-March 2009 .",2,1,2
"According to CapMan Plc 's Corporate Governance , the majority of the committees ' members shall be independent of the Company .",1,2,1
The value of the orders is over EUR 25mn .,1,2,1
"The Costanza light , with an aluminum base and washable shade , comes in white , pistachio , orange , blue and red .",1,2,1
"ALEXANDRIA , Va. , Oct. 15 -- Aaron Moss of Hampshire , Great Britain , has developed an ornamental design for a handset , the U.S. Patent & Trademark Office announced .",1,2,1
"Operating loss of the Pulp & Paper Machinery unit was over EUR 3mn in September 2007 - August 2008 , compared to a profit of EUR 3.7 mn a year earlier .",2,1,2
Alma Media 's net sales in 2009 totalled MEUR 307.8 with an operating margin of 13.5 per cent .,1,2,1
"Stockholm-based Nordea Bank ( STO : NDA ) said yesterday it had hired Casper von Koskull to lead its corporate merchant banking and capital markets unit , effective 1 September .",1,2,1
Image data produced by the browser at the phone server is converted into a bitmapped image that is sent to the handset for display . '',1,2,1
Competition authorities will have to approve the deal before it can be finalized .,1,2,1
"`` The priority for 2009 was to strengthen the company 's balance sheet and increase cash flow , '' CEO Hannu Krook said .",1,0,1
The share subscription period for stock options 2007A is between 1 April 2010 and 31 March 2012 .,2,2,2
The personnel reductions will primarily affect those working for the parent company in the diagnostics business or in production and logistics in the liquid handling business .,2,1,2
"Trading code : ELI1V Number of shares : 99,483 Price-share : Gratuitous After the transfer , Elisa holds a total of 10,435,023 own shares .",2,2,2
Peer Peugeot fell 0.81 pct as its sales rose only 6.3 pct from the same period last year .,1,1,1
Cargo volume grew by 7 % .,1,0,1
The proposal by the Board of Directors on the issuance of option rights will otherwise correspond to the proposal by the Board of Directors in the Notice to the General Meeting .,2,2,2
The company 's strength is its Apetit brand .,1,0,1
"Operating loss was EUR 179mn , compared to a loss of EUR 188mn in the second quarter of 2009 .",2,0,2
"Finnish investor Scanfil Oyj ( HEL : SCF1V ) said last Friday it has bought 57 million shares , or 32.96 % , in Norwegian contract electronics manufacturer Kitron ASA ( OSL : KIT ) for NOK 143.9 million ( USD 24.4 m-EUR 18.1 m ) .",1,2,1
"Production levels have been agreed with producers a long time ago , so a fall in consumption will lead to losses .",2,1,2
"It 's even a little bit higher than Yara 's multiples on itself , ' an analyst in Helsinki said .",2,2,2
The company expects its net sales in 2008 to increase 5-10 % from 2007 .,1,0,1
A broad range of connectivity options including 3G - HSPA and Wi-Fi gives consumers high speed access to the Internet .,1,2,1
The phones are targeted at first time users in growth markets .,1,2,1
The StoneGate UTM solution offers protection against inbound and outbound attacks .,1,0,1
"The offer , deemed too low by Finnlines ' board , stands until 4 pm tomorrow .",2,1,2
Net sales increased to EUR193 .3 m from EUR179 .9 m and pretax profit rose by 34.2 % to EUR43 .1 m. ( EUR1 = USD1 .4 ),1,0,1
"Net sales of Kyro 's main business area , Glaston Technologies , a manufacturer of glass processing machines , decreased to EUR 161.5 mn from EUR 164.1 mn in January-September 2005 .",2,1,2
"The first four of the new shop-in-shops will be opened this spring : on Madison Avenue in New York as well as in Chicago , Los Angeles and San Francisco .",2,2,2
"As a part of the plan , the Board of Directors decided to transfer a maximum of 330,000 shares held by the company in a share issue against payment directed to Aspo Management Oy , a holding company acquired by the management .",2,2,2
"The study was not designed to enable formal statistical evaluation of therapeutic activity , the company said .",2,2,2
"Neste oil 's board proposed 1.00 eur dividend for the full-year 2007 , compared with 0.90 eur a year ago .",1,0,1
"Currently , the company foresees its pre-tax profit to remain below the 2009 level when it reached EUR 700,000 USD 934,000 , compared with previous projections of a slightly better pre-tax profit .",2,1,2
"Finnish plumbing and heating systems supplier Uponor 's net sales in continuing business operations decreased to EUR 249.1 mn in July-September 2008 , compared to EUR 262.1 mn in the third quarter of 2007 .",2,1,2
The project is expected to be completed in 2009 .,1,2,1
Finnish plastic pipe maker Uponor is selling its Irish and UK infrastructure businesses to private equity company 3i .,1,2,1
"`` The acquisition of Sampo Bank makes strategic sense for DB , '' says Lindsey Liddell , director of Fitch Ratings 's Financial Institutions Group .",1,0,1
As a part of the agreement 10 employees from the John Deere Forestry documentation functions will transfer to DokuMentori Oy .,2,2,2
"`` QPR 8 integrated management system is the fastest , easiest and most efficient way for organizations all around the world to take control of their human-centric business processes .",1,0,1
"At this stage , a maximum of 60,000 Tulikivi Series A shares will be acquired , representing about 0.16 per cent of the company -娄 s shares outstanding .",2,2,2
Tikkurila acquired a majority stake in Kolorit Paints in the autumn of 2004 .,1,2,1
Through this transaction we are able to participate in developing the industry .,2,0,2
"Coca-Cola was the market leader of manufacturers with a market share of 36.9 % , down 2.2 % from the corresponding period in 2004-2005 .",2,1,2
"The facility will have a lettable area of some 19,000 sq m. The plot for the plant , located in the Ratasmaki business park , will be purchased from the City of Forssa .",2,2,2
"Jan. 6 -- Ford is struggling in the face of slowing truck and SUV sales and a surfeit of up-to-date , gotta-have cars .",2,1,2
"In the third quarter , net sales increased by 12 % year-on-year to EUR159 .5 m , or by 6 % at comparable currency rates growth .",2,0,2
"According to Ultrascan , with a software acquired from crackers , it has managed to change the mobile phone in a way that the phone was able to get hold of a one-time password sent by a bank via a text message .",2,2,2
The policy was also aimed at making the companies more profitable and competitive .,1,0,1
Any investment or investment activity to which this communication relates is only available to relevant persons and will be engaged in only with relevant persons .,2,2,2
Net investment income,1,2,1
It delivers a different user experience and enables us to widen the market we can address . '',1,0,1
"In the third quarter of 2010 , net sales increased by 5.2 % to EUR 205.5 mn , and operating profit by 34.9 % to EUR 23.5 mn .",2,0,2
"In addition , the contract includes modification of the effluent treatment plant at Follum .",2,2,2
"The total investment in the Vantaa plant extension will amount to around 10 million euro , and Okmetic 's share of the investments will be worth around 2.7 million .",2,2,2
"In addition , the Kazakh delegation will visit Finland 's SITRA investment fund , Honkarakenne Ltd and Nokia headquarters to study TeliaSonera Ltd JSC 's activities .",2,2,2
"Tikkurila , a division of Kemira group , controls about 23 % of the Russian market in its field and owns St. Petersburg paint producer TEX. .",2,2,2
"The board machine , which will have a wire width of 6.25 m and a design speed of 900 m-min , will produce close to 1,400 tonnes of folding boxboard per day .",2,2,2
"Again , the most significant sales increase of 18.6 % was in Russia .",1,0,1
One of the largest projects of the magazine division of SanomaWSOY - Sanoma Magazines International in 2006 became launch of the Russian magazine Gloriya .,2,2,2
Viking Line has canceled some services .,1,1,1
"In Europe , the paper industry 's situation is paradoxical .",2,2,2
Aspo serves demanding business-to-business customers .,1,2,1
Sponda plans to renovate old real estate and develop new property .,1,2,1
"`` We reached agreement with the union that flights will continue as normal , '' Finnair spokesman Usko Maatta said .",1,0,1
"Operating profit totalled EUR 5.8 mn , up from a loss of EUR 1.7 mn in the fourth quarter of 2009 .",2,0,2
"It combines a perfect price performance with sophisticated management facilities , the company said .",1,0,1
"Vehvilainen , who is currently the chief operating officer at Nokia Siemens Networks , will join Finnair on 5 January 2010 and take over as CEO effective 1 February 2010 .",2,2,2
"After the acquisition , Basware 's preliminary pro forma net sales for 2005 amount to EUR 52.6 mn , and preliminary pro forma operating profit amounts to EUR 7.1 mn .",2,2,2
The contract involves refurbishing the bathrooms of 189 units as well as re-plumbing their water and sewer pipes .,2,2,2
"According to the Act , universities can now acquire private funding .",1,2,1
"HELSINKI AFX - Kesko Corp is expected to report a lower second quarter EPS today due to tax charges , but other earnings lines are seen higher year-on-year , analysts said .",1,1,1
Most of the increase in net sales was due to the acquisition of Swedish Silva that produces garden tools and boats .,1,0,1
The company will propose a dividend of EUR0 .12 per share for 2008 .,1,2,1
Nordea was the cheapest also for a couple in their 30s with debt .,1,2,1
"We are glad that our long co-operation with SODRA continues '' , comments Stig-Goran Sandberg , Affecto 's Area Manager for Baltic operations .",2,0,2
"Harju Elekter was founded in 1968 , and is the leading producer of electrical equipment and materials in the Baltic States .",1,2,1
"Mr. Jorma Valkama , Managing Director of Suomen Paikallissanomat Oy , states that Rannikkoseutu complements in an outstanding way the current product range of the company .",1,2,1
"Finnish Scanfil , a contract manufacturer and systems supplier for communication and industrial electronics reports net sales of EUR 108.7 mn in the first half of 2008 , down from EUR 111.1 mn a year earlier .",2,1,2
Finnair was able to operate most of its leisure flights despite the strike .,1,0,1
No financial details were disclosed .,1,2,1
Odell has not contacted the State of Finland in this issue .,2,2,2
"After piloting , the instrument will be further developed according to the experiences gained .",2,2,2
"Operating profit for the six-month period decreased from EUR111 .9 m , while sales increased from EUR1 ,275 m , as compared to the corresponding period in 2006 .",2,2,2
The original contract was signed last summer .,2,2,2
Aspo 's net sales in 2006 totaled EUR 225.9 million .,1,2,1
"The opportunity will be available only for few employees , however .",2,2,2
"The Group 's consolidated net sales for 2009 totaled 1.5 billion euros and it employs approximately 10,000 persons .",2,2,2
"JP Morgan expects that Scala will lower Nobel Biocare 's growth forecast for 2007 from the current guidance of 23-25 pct , as well as the operating margin target from the current 34-35 pct .",2,1,2
Fortum is now considering taking part in nuclear energy projects outside of Finland .,2,2,2
"Uponor made an operating profit of EUR 151.0 mn , up from EUR 143.7 mn , which made 2007 a record year .",2,0,2
Operating profit improved by 44.0 % to ER 4.7 mn from EUR 3.3 mn in 2004 .,1,0,1
"OUTOTEC OYJ PRESS RELEASE DECEMBER 4 , 2009 10.30 AM Outotec establishes a new subsidiary in Kolkata Outotec has established a subsidiary in India in order to better serve its Indian customers and to increase its business in the growing Indian market .",2,0,2
It will report full-year results on August 22 .,1,2,1
A memorandum of understanding on cooperation between the Finnish Global Chemical Company KEMIRA and Vietnam National Chemicals Group ( Vinachem ) was signed on this occasion .,2,0,2
"Glaston 's well-known brands are Bavelloni , in pre-processing machines and tools , Tamglass and Uniglass in safety glass machines and Albat + Wirsam in software solutions .",1,2,1
"Glaston 's well-known brands are Bavelloni , in pre-processing machines and tools , Tamglass and Uniglass , in safety glass machines and Albat + Wirsam in software solutions .",1,2,1
"Some 3.8 mln euro ( $ 5.2 mln ) of the base acquisition price will be paid in cash and the rest through a subscription offering of a total of 850,000 new Ixonos shares .",2,2,2
The potential acquirer is Cencorp Corporation which is a related entity to SAV owing to each of SAV and Cencorp being a subsidiary of the Finnish Savcor Group Oy .,2,2,2
"TietoEnator was down 1.13 pct to 18.38 , extending recent lows after last week 's second-quarter report , dealers said .",2,1,2
"The utility will also provide services related to electricity management , such as hedging trades and risk management and reporting .",2,2,2
"The deal , already approved by shareholders , will be carried out in the first half of 2011 .",1,2,1
"HELSINKI ( AFX ) - Nokian Tyres reported a fourth quarter pretax profit of 61.5 mln eur , up from 48.6 mln on the back of strong sales .",1,0,1
"Finnish Metso will supply new wood handling and bleaching lines , as well as a rebuild of the kraft liner washing line for Klabin 's Tel+卢maco Borba mill in the Brazilian state of Paran+铆 .",1,0,1
"Cash flow from operations totalled EUR 7.4 mn , compared to a negative EUR 68.6 mn in the second quarter of 2008 .",1,0,1
Pharmaceutical market in Czech Republic Global Research & Data Services published recently a market analysis about the pharmaceutical markets in Czech Republic .,1,2,1
Its market share widened to 48.51 percent from 48.31 percent a year earlier .,1,0,1
"M-real Corporation Stock Exchange Announcement 29 September 2006 at 4.15 p.m. Kyro Corporation and M-real Corporation , a Metsaliitto Group subsidiary , have agreed on an arrangement which gives M-real option to purchase the Kyroskoski natural gas powerplant from Kyro .",2,2,2
"HELSINKI Thomson Financial - Shares in Cargotec fell sharply in early afternoon trade after the cargo handling group posted a surprise drop in April-June profits , which overshadowed the large number of new orders received during the three months .",2,1,2
"In addition to Russia , we now seek additional growth in Ukraine .",1,0,1
"The markets are almost completely controlled by three banks : Nordea , OP Bank Group , and Sampo .",2,2,2
"However , this increases signaling traffic which wastes network resources and allows fewer smartphones to connect .",2,1,2
The capital structure of Solidium may be complemented by other financial instruments in the future .,2,2,2
Country : ; Germany Sector : Construction-Real Estate ; Machinery-Engineering Target : Caverion GmbH Buyer : YIT Oyj Deal size in USD : 90.3 m Type : Corporate acquisition Status : Agreed,1,2,1
Active shipping is essential for Finland .,1,2,1
The employment contracts of 14 of the employees will end in March 2009 as a result of the company 's previous employer-employee talks .,2,1,2
"We succeeded in increasing our market share of sold apartment '' , comments Mr Kari Kauniskangas , Head of YIT International Construction Services .",2,0,2
Otherwise the situation is under control .,1,2,1
The subsidiary is setting up a facility for manufacturing high-density interconnection printed circuit boards or PCBs at Nokia 's special economic zone at Sriperumbudur near Chennai .,2,2,2
The company 's operating profit for 2006 stood at 39.6 mln euro ( $ 57.9 mln ) .,0,2,0
"Strong brand visibility nationally and regionally is of primary importance in home sales , vehicle and consumer advertising .",1,2,1
"The development of the technological park , which will specialize in telecommunications and information technologies , is part of the state program for the formation of technoparks for hi-tech sectors in Russia .",2,2,2
"19 May 2010 - Finnish company Lemminkainen Oyj ( HEL : LEM1S ) said today that it will construct an office building at Toolonlahti in downtown Helsinki , without disclosing financial details .",2,2,2
Pharmaceutical market in Belgium Global Research & Data Services published recently a market analysis about the pharmaceutical markets in Belgium .,1,2,1
"Lassila & Tikanoja 's operating profit excluding non-recurring and imputed items for the second quarter was EUR11 .3 m , down from EUR13 .8 m a year ago .",1,1,1
Talentum acquired a 47.5 pct stake in Varesvuo Partners in 1997 and the remaining in 2002 and 2005 .,2,2,2
The pretax profit of the group 's life insurance business increased to EUR36m from EUR27m .,1,0,1
"At end-August , Sampo was Nordea 's biggest shareholder with a 20.6 % stake , followed by the state with 19.9 % .",2,2,2
"Aug. 31 , 2009 (Gawker Media delivered by Newstex)-- If you love fishing video games but felt that there just was n't enough wackiness involved , then Activision 's (NASDAQ : ATVI) Rapala : We Fish might just catch your eye with its family-fun hook .",2,2,2
The value of the firm 's forestry holdings increased by SEK 3.6 bn .,1,0,1
Commencing the construction works of Pearl Plaza is a significant step in our Russian projects .,2,0,2
"ALEXANDRIA , Va. , March 20 -- Patrik Flykt and Timo Alakoski , both of Helsinki , Finland , and Tapio Suihko and Nadarajah Asokan , both of Espoo , Finland , have developed a method of mobility support of Internet-type protocol traffic in a communication system .",2,2,2
"ALEXANDRIA , Va. , Oct. 23 -- Hans-Otto Scheck of Espoo , Finland , has developed a method of identifying remote radio units in a communication system .",1,2,1
"According to Finnish financial services group Sampo 's CEO , Bj+脗rn Wahlroos , Danish Danske Bank 's acquisition of Sampo Bank for EUR 4bn was the largest cash deal in Finland 's economic history .",1,2,1
"Finnish Suominen Corporation that makes wet wipes , nonwovens , and flexible packaging is starting employer-employee negotiations at its Tampere plant in Finland to lay off about 25 employees .",2,1,2
"With this , the company will exit the contract manufacturing service segment .",2,2,2
"By combining its existing solutions into a single platform , Comptel said that it has reduced the cost of deployment .",1,0,1
The transaction value is CAD 15 million approximately EUR 10 million .,2,2,2
"An estimated 30 pct of mobile calls are made from the home , and France Telecom hopes that 15 pct of its Orange clients will sign up for the service by the end of 2008 .",2,2,2
25 November 2010 - Finnish paints and coatings company Tikkurila Oyj ( HEL : TIK1V ) said today that Finnish state-owned investment company Solidium Oy sold its 14.7 % stake in the company for a total of EUR98m .,1,2,1
hybrid bond 18 January 2010 - Finnish IT consultancy Trainers ' House Oyj HEL : TRH1V said last Friday it resolved to issue a EUR5m hybrid bond to domestic investors in a bid to strengthen its capital structure .,1,2,1
"BAVARIA Industriekapital AG 's 2006 revenues were EUR 333 million , with an EBITDA of EUR 51 million .",1,2,1
The value of the order is around EUR 100 million .,1,2,1
"The contract , which was signed yesterday , will run for five years and includes a two-year extension option .",1,2,1
Pohjola and cooperative banks have continued to combine their branch office network .,2,2,2
"The company 's order book stood at 1.5 bln euro $ 2.2 bln on September 30 , 2007 , up by 24.2 pct on the year , with international orders amounting to 365 mln euro $ 534.3 mln .",1,0,1
"In 2008 , Kemira recorded revenue of approximately EUR 2.8 billion and had a staff of 9,400 .",0,2,0
Device volume in the area decreased by 21 % to 2.7 mn units .,2,1,2
"Ahlstrom Corporation Anne Pirila Director , Financial communications Distribution : Helsinki Stock Exchange Main media Ahlstrom in brief Ahlstrom is a leader in the development , manufacture and marketing of high performance fiber-based materials .",2,2,2
"At 1.33 pm , the OMX Helsinki 25 was 0.30 pct lower at 2,463.67 and the OMX Helsinki was down 0.37 pct at 8,537.42 on volume of 256 mln eur .",1,1,1
"Finland 's leading metals group Outokumpu said its fourth-quarter net profit more than tripled on the back of strong global demand for stainless steel , soaring base metal prices and proceeds from the sale of its technology unit .",1,0,1
The report will be emailed within 2 business days of an order .,1,2,1
"Operating loss totalled EUR 3.2 mn , compared to a profit of EUR 7.2 mn in the third quarter of 2008 .",2,1,2
"Finnish steel maker Rautaruukki Oyj ( Ruukki ) said on July 7 , 2008 that it won a 9.0 mln euro ( $ 14.1 mln ) contract to supply and install steel superstructures for Partihallsforbindelsen bridge project in Gothenburg , western Sweden .",1,0,1
"Meanwhile , Alfa owns 25.1 % of MegaFon through Altimo , and 4.99 % of Turkcell via an 18.5 % stake in Cukurova Holding .",2,2,2
Pretax profit jumped to EUR 21.9 million from EUR 3.1 million .,1,0,1
Implementation of the project will be carried out by the Finnish company YIT in association with the investment fund Evli Property Investment Russia ( EPI ) .,2,2,2
Incap Furniture is presently negotiating staff cuts .,1,1,1
"HELSINKI Thomson Financial - Shares closed little changed , with Cargotec and Huhtamaki dropping sharply on disappointing second-quarter reports .",2,1,2
"- Among other Finnish shares traded in the US , Stora Enso closed 0.33 pct lower at 12.11 eur , UPM-Kymmene was up 0.28 pct at 18.10 eur , and Metso was down 0.13 pct at 31.06 eur .",1,2,1
"According to ACNielsen 's ScanTrack study for the period week 10 of 2005 to week 9 of 2006 , Coca-Cola is the market leader in soft drinks in Finland .",1,0,1
"We bring a new , committed leadership and business and strategic know-how to the company that we buy .",1,2,1
"In addition , we will launch a versatile online service to complete the traditional printed newspaper , Mr. Valkama says .",1,2,1
"`` However , the rapidly increasing costs and the strengthening of the euro were challenging for the whole industry , and they impacted on our results . ''",2,1,2
Grounds for the notification : Tiimari Plc 12/30/2010 issued Capital Convertible Loan allocation decision by the Board on 01/31/2011 .,2,2,2
"Published by Globes online , Israel business news - www.globes-online.com - on November 16 , 2009 -庐 Copyright of Globes Publisher Itonut 1983 Ltd. 2009",0,2,0
Finnish beverage company Olvi is introducing a new long drink Olvi Kultalonkero ( `` golden long drink '' ) in the market in Finland in the spring of 2009 .,2,2,2
The carrier said its Area travel agency is to sell most of its outlets to sister chain Suomen Matkatoimisto (SMT)and use its remaining bricks-and-mortar presence to primarily target business customers going forward .,2,2,2
The solution will be installed in the USA to support the North American operations of the customer .,1,2,1
"`` In Ukraine , too , we act as a partner for major bakery clients in both production and product development .",1,2,1
"In contrast , the company 's net loss for the third quarter of 2009 contracted to EUR 76 million from EUR 256 million for the corresponding period a year ago .",2,0,2
This will bring cost savings of about EUR 3mn a year .,1,0,1
"The company will use the money for product development and research activities through 2013 in its key markets Finland , Germany , Italy and France .",1,2,1
"According to L+帽nnen Tehtaat 's CEO Matti Karppinen , the company aims to deliver fish products to its customers a day earlier than it currently does .",1,2,1
"More than 14,000 customers were left powerless .",2,1,2
"As reported June 26 , `` both circuits continued to alternately report the track as vacant and then occupied almost constantly from June 17 , when part of the track signaling device was replaced , to the time of the crash , according to the Metro source . ''",2,2,2
"Currently , 95 % of Trainers House 's revenues are attributed to the Finnish market .",1,2,1
In 2005 Cargotec 's net sales exceeded EUR 2.3 billion .,1,2,1
"Chic and cheerful , Finnish design house Marimekko has been sending its geometric textiles out into the world for the past 60 years .",1,2,1
The initial estimated total value was 1744900 EUR and the final award value was 1744900 EUR .,1,2,1
`` Our Vaalipalvelu-service was especially developed for use by communities and organizations .,2,2,2
"In Finland , the corresponding service is Alma Media 's Etuovi.com , Finland 's most popular and best known nationwide online service for home and property sales .",2,2,2
"It is the first oil company to join RSPO and commits fully to sustainable sourcing of feedstocks for the production of its NExBTL biodiesel , it said .",2,2,2
"Through the Nordic Exchange , OMX offers access to approximately 80 percent of the Nordic and Baltic securities market .",1,2,1
Applying for summer work is seen as laborious and stressful .,2,1,2
"The Estonian beverages maker A. Le Coq today brought to the market a new premium class beer , A. Le Coq Special , investing 6 million kroons EUR 383,000 into its development and planning to sell three million liters of the beer during the next year .",1,2,1
"The company 's profit totaled Ls 134,700 .",0,2,0
"( ADP News ) - Feb 11 , 2009 - Finnish management software solutions provider Ixonos Oyj ( HEL : XNS1V ) said today its net profit rose to EUR 3.5 million ( USD 4.5 m ) for 2008 from EUR 3.1 million for 2007 .",1,0,1
Raute is listed on the Nordic exchange in Helsinki .,1,2,1
Commission income fell to EUR 4.6 mn from EUR 5.1 mn in the corresponding period in 2007 .,2,1,2
Finnish business software group AffectoGenimap Oyj said its net profit halved to 1.2 mln euro ( $ 1.5 mln ) in the first nine months of 2006 from 2.2 mln euro ( $ 2.8 mln ) in the same period of 2005 .,2,1,2
The company will issue an inaugural Eurobond deal in the near future subject to market conditions .,1,2,1
"Managing Director 's comments : `` Net sales for the first quarter were notably lower than a year before , especially in Finland , Russia and the Baltic countries .",2,1,2
"The 19,200-square metre technology center is located near University of Tampere in central Tampere .",2,2,2
"The company expects its net sales for the whole of 2007 to be EUR 950mn-1 ,000 mn .",1,2,1
Uponor improved its performance in spite of the decrease in residential construction in the US .,2,0,2
"According to Finnish Metso Minerals , the value of the company 's orders has gone up to EUR 1.9 bn in 12 months .",1,0,1
"Music is provided by all major international and regional labels including Universal Music Group , Sony Music Entertainment , Warner Music , EMI Music , Rotana , Mazzika , Melody Music , Platinum Records , and leading content aggregator The Orchard , as well as thousands of independent labels .",2,2,2
The company 's board of directors would propose a dividend of EUR1 .00 per share for 2005 .,1,2,1
"Germany 's innovational centers are united in focusing at companies , which aim at use of technologies and development of new kinds of activity , through supporting the beginner companies with the entire spectrum of their services .",2,2,2
Finnish Rautaruukki 's engineering division Ruukki Engineering will re-organise its operations in the Mo i Rana plant in Norway .,2,2,2
The server is responsible for managing devices and user accounts and a desktop client application enables remote access to the mobile phones .,2,2,2
"When the OMX market forwards mature on May 16 , 2008 , Novator Finland Oy 's direct shareholding in Amer Sports Corporation will exceed one-fifth 1-5 of the company 's shares and voting rights .",2,2,2
Pretax profit decreased to EUR 33.8 mn from EUR 40.8 mn in the fourth quarter of 2005 .,2,1,2
The company continued the development of a fully human antibody in its VAP-1 antibody program .,1,2,1
"Moreover , Konecranes and Kito intend to transfer the hoist distribution business of Konecranes ' Japanese joint venture MHS Konecranes to Kito .",2,2,2
"Previously , EB delivered a custom solution for LG Electronics and now is making it commercially available for other mobile terminal vendors as well as to wireless operators .",1,0,1
Today the orange scissors are the iconic symbol of the excellent ergonomic design and superior quality associated with every product from Fiskars .,2,2,2
"The stock is trading above both its MAPs and the 50-day MAP of SEK72 .983 is higher than the 200-day MAP of SEK70 .283 , a bullish indicator .",1,0,1
"Operating profit totalled EUR 9.6 mn , down from EUR 42.0 mn the year before .",2,1,2
The ongoing project where Tekla Structures is being used is the Vashi Exhibition Centre being developed by Insteel Engineers Pvt Ltd-IIVRCL Infrastructures & Projects Ltd & CIDCO .,2,2,2
Net profit fell by almost half to +茅 5.5 million from +茅 9.4 million at the end of 2007 .,2,1,2
The Finnish group anticipates a sales gain of EUR42m after tax and expenses .,1,0,1
The total need for staff cuts corresponds to about 300 man-years .,2,1,2
"Nordstjernan will make the offer in approximately one month , in September 2007 .",1,2,1
"Berling Capital , Umo Capital and Veikko Laine are the biggest shareholders in Amanda Capital .",1,2,1
"In addition , Lehdentekijat Oy will start producing a new membership magazine , Viisas Raha ( Wise Money ) for the Association .",1,0,1
Finnish KCI Konecranes has been awarded an order for four hot metal ladle cranes by Indian steel producer Bhushan Steel & Strips to be delivered in 2007 .,1,0,1
Stockmann was established in 1862 in Finland and it became the first foreign company to enter Russia 's retail trade market in 1989 .,2,2,2
4 February 2011 - Finnish privacy and security software developer Tectia Oyj ( HEL : TEC1V ) said Wednesday it has set up two strategic business units - managed security and mobile authentication .,1,2,1
"Economic development in China is no longer taking place only on the East coast and in the Shanghai area , Vauramo says .",2,2,2
"Operating profit totaled EUR 825mn , up from EUR 763mn in 2004 .",1,0,1
Electricity consumption grows with higher frequencies .,1,2,1
in Finland Finnish pharmaceutical company Orion Corporation OMX Helsinki : ORNAV said on Wednesday 7 January that it has concluded its personnel negotiations in Finland and will reduce the number of personnel by 205 .,2,1,2
"Currently , YIT builds a housing estate Zapadnye Vorota 26,000 square metres in the city and a house 9,910 square metres , which will be completed at the end of 2009 .",2,2,2
"The maximum grade of the veneer yield is calculated , based on the dimensions and grades of the veneer products , as well as by iterating the places of the peeling axes and simulating the peeling process .",2,2,2
"`` My wife is looking forward to getting a paycheck again , '' he quipped recently as a six-knot current swirled around his anchored and heavily sponsored jet sled .",2,2,2
The contract was signed in August with Papua New Guinea-based Lihir Gold Ltd ASX : LGL .,1,0,1
"A total of 131000 Talvivaara Mining Company Plc 's new shares were subscribed for during the period between May 1 , 2010 and June 30 , 2010 under the company 's stock option rights 2007A .",1,2,1
"Los Angeles-based Pacific Office Properties Trust acquires , owns , and operates office properties in the western U.S. , focusing initially on the markets of Honolulu , San Diego , Los Angeles , and Phoenix .",1,2,1
The Finnish company previously said its operating result will be lower than the break-even posted a year earlier .,2,1,2
"The huge bridge girders will be delivered to the site from our plant in Ylivieska , Finland .",1,2,1
"Operating profit excluding non-recurring items amounted to EUR 40.6 mn , down from EUR 57.3 mn year-on-year .",2,1,2
"ISMS does not disclose its financial results , the daily said .",2,2,2
Finnish handling systems company Cargotec Oyj ( HEL : CGCBV ) said today that it won a EUR 13 million ( USD 16.6 m ) contract to deliver MacGregor hatch covers for ships ordered by Norwegian shipowner Grieg Shipping .,1,0,1
"The company operates its business through two reportable segments , including Banking and Investment Services , and Non-Life Insurance .",1,2,1
Some of the lay-offs will be implemented using part-time employment contracts .,2,2,2
The company says it is difficult to estimate the market situation for the whole year 2009 .,2,2,2
"The Baltimore Police and Fire Pension , which has about $ 1.5 billion , lost about $ 3.5 million in Madoff Ponzi scheme .",2,1,2
"In Q1 of 2009 , the company 's operating loss totalled EUR 0.3 mn , compared to a profit of EUR 3.6 mn in Q1 of 2008 .",2,1,2
The revenues of the business reached NOK 12 million for 2008 .,1,2,1
The company slipped to an operating loss of EUR 2.6 million from a profit of EUR 1.3 million .,2,1,2
"According to Kesko , the company agreed with the city administration about lease of the building in 2006 , its resettlement and construction of a five-star hotel Hilton for 120 rooms .",2,0,2
"Body ES Vostok also owns stakes in power sales companies MosenergosbytBody ( RTS : MSSB ) ( 50.9 % ) , Altaienergosbyt ( 100 % ) , Saratovenergo ( RTS : SARE ) Body ( 48.36 % ) and Tambov Power Sales Company ( RTS : TASB ) ( 49.01 % ) , all ofBodywhich it received from the distribution balance .",2,2,2
"The staff reduction will start immediately , Glaston added .",1,1,1
The idea of saving electricity in data transfer is still a new one .,2,2,2
Operating profit excluding restructuring costs grew to EUR 44.5 million from EUR 31.7 million while operating profit including restructuring costs showed even larger growth to EUR 38.5 million from EUR 7.4 million .,2,0,2
"The most loyal customers were found in the Bank of +脿land , with an index of 8.0 .",2,0,2
"Outotec 's scope of delivery includes design , basic engineering and supply of proprietary equipment for a sinter plant with a grate area of 496 square meters .",2,2,2
Europe needs 17 new large paper machines .,1,2,1
"Weber convinced his friend Ray Ostrom , who owned a Lake Street sporting goods store , to sell the lures .",1,2,1
"The orders are for 26 machine-room-less KONE MonoSpace elevators , which would be installed during 2006 .",1,2,1
"The flagship will open this fall in Manhattan 's Flatiron District in the `` Toy Building , '' at 200 Fifth Avenue .",2,2,2
"The composite body is coated with a hard coating layer produced by thermal spraying , and the coating is ground . ''",1,2,1
"+拢lemiste City is the environment for a knowledge-based economy providing work for 3,300 people with the total turnover of its companies amounting to EEK 5.4 bn , '' said +拢lo P+帽rnits , chairman of the supervisory board of +拢lemiste City and Mainor .",2,2,2
"Also , a six-year historic analysis is provided for these markets .",2,2,2
Mr Lee said he hoped that Neste 's move will ` pave the way for more collaboration projects between our two countries ' .,1,0,1
"Operating profits in the half were  0.8 m , down from  0.9 m as Glisten invested in the brand and the management team .",2,1,2
"In the Asia-Pacific region , Visa Wave is available in Malaysia , Taiwan and South Korea and will be expanded to Japan and Southeast Asia this year , Jung added .",2,0,2
"`` It gives us a sense of pride and exposure , '' said Bruce Hansen , the SVH sales representative for Wolverine .",1,0,1
Under this agreement Biohit becomes a focus supplier of pipettors and disposable pipettor tips to VWR customers throughout Europe .,1,0,1
"In February 2011 , new wording of Identity Documents Act that makes Mobile ID a state-approved electronic document as of February 1st 2011 entered into force .",2,2,2
Production will expand to other of Elcoteq 's locations including Mexico and Hungary during 2010 .,2,0,2
"Tyrv+帽inen is of the opinion that the airline has been repeating this for some time already , however .",2,2,2
"The Liquid Handling segment offers laboratory equipment and accessories , including mechanical and electronic pipettes , and disposable tips used in the research institutions , universities , and hospitals , as well as in the pharmaceutical , food , and other industries under the Biohit brand .",1,2,1
The impact on TietoEnator 's net sales for 2008 from the purchase is expected to be some 11 mln euro $ 15.9 mln .,1,2,1
"Jukka Hienonen , the current Finnair CEO , will step down at the end of January 2010 .",1,2,1
"Finnish Sampo-Rosenlew manufactures approximately seven forest machines monthly , and about half of machines are exported .",1,2,1
The aim of the bridge solutions chosen is to minimize construction times while ensuring that traffic beneath the bridge on the Saimaa canal continues undisturbed .,2,2,2
"Finnish airline Finnair has won a deal with the UK public sector to be the official airline for flights from London Heathrow to Osaka in Japan , as well as flights between Manchester in the UK and Helsinki in Finland .",1,0,1
A filter is used to pre-process packets to determine if they need to be further processed by the processor of the network device .,2,2,2
The other deal is for process cranes to the Russian steel mill PNTZ in Pervorouralsky through an order placed by Turkish construction company Gama Endustri Tesisleri Imalat ve Montaj AS .,2,2,2
"ALEXANDRIA , Va. , March 28 -- Pertti Salmi and Hanna Vuolteenaho , both of Oulu , Finland , and Sami Viitasaari of Ii , Finland , have developed an ornamental design for a handset , the U.S. Patent & Trademark Office announced .",2,2,2
"The train is expected to cross the Russian territory in 9 days , reaching the Vostochny port .",1,2,1
The fine print is here .,2,2,2
"However , the broker gave an `` outperform '' recommendation on the stock .",1,0,1
` Nordic infrastructure construction is one of our strategic growth areas .,1,2,1
"Profit for the period was EUR 10.9 mn , down from EUR 14.3 mn in 2009 .",2,1,2
"Prior to the transaction , whose financial terms have not been disclosed , Alma Media owned 40 % of Kotikokki net .",2,2,2
"According to the company , a decision in the issue will be made in the summer of 2010 , at the earliest , and in the summer of 2011 , at the latest .",2,2,2
"The shopping center to be opened in St. Petersburg , Russia in November 2010 will turn the cash flow of Finnish department store chain Stockmann 's Russian operations positive for the first time in 2011 .",2,0,2
Each year the dividend is deducted from the subscription price .,1,2,1
HELSINKI AFX - Outokumpu said its technology unit has won a 28 mln eur contract from Bosnia-Herzegovina 's Aluminij dd Mostar to upgrade an anode plant .,1,0,1
Elisa has commissioned Finland 's Poyry Telecom Oy to conduct a study of reception in some of Estonia 's largest cities besides Tallinn .,2,2,2
"We have sound experience of project deliveries for large multi-purpose complexes and sports arenas '' , says Sami Eronen , SVP , Infrastructure and Northern Europe , Ruukki Construction .",1,2,1
It has sold one half of its business operations and will enter the Helsinki Stock Exchange via the back door through an innovative buyout arrangement with Kasola .,2,2,2
The number of bodily injury cases quadrupled in 2000-2006 .,2,1,2
26 November 2010 - Finnish sports-equipment maker Amer Sports Oyj ( HEL : AMEAS ) said today it has obtained a EUR30m Schuldschein note loan from a pool of international investors .,2,2,2
The company then said it will focus its resources on clinical research .,2,2,2
"Commission income decreased to EUR 3.8 mn , compared to EUR 4.6 mn in the third quarter of 2007 .",2,1,2
As a result some 20 persons will no longer be needed .,2,1,2
Ruukki Group calculates that it has lost EUR 4mn in the failed project .,1,1,1
Philips was not available to comment on the report .,2,2,2
The contract includes heating plant equipment and associated installation work .,1,2,1
"Blyk is launching first in the UK market in mid-2007 , with other markets to follow .",1,2,1
Metsa-Botnia will sell 82.1 % of its stake in the Uruguayan companies and Metsaliitto -- 5.5 % .,2,2,2
"Finnish lifting equipment maker Kone Oyj said on October 4 , 2007 it won an order worth 15 mln euro $ 21.2 mln to deliver a total of 53 custom designed elevators to Norwegian shipbuilder Aker Yards ASA .",1,0,1
"At 1411 CET , ArcelorMittal had lost 7.26 % to EUR 17.38 on Euronext Paris , coming at the lead of the blue-chip fallers .",1,1,1
"Poyry is a global consulting and engineering firm focusing on the energy , forest industry and infrastructure & environment sectors .",2,2,2
Currently the quarterly applied surcharges differ significantly from the actual market prices .,2,2,2
Finnish metal industry solutions supplier Outotec Oyj net profit rose to 50.4 mln euro ( $ 72.5 mln ) for the first nine months of 2007 from 20.1 mln euro ( $ 28.9 mln ) for the same period of 2006 .,2,0,2
"The CL51 is designed to measure cloud base height and vertical visibility in all weather conditions , which makes it an ideal instrument for meteorological applications that rely on reliable cloud height detection .",1,0,1
F-Secure Online Backup automatically protects all the content stored on a computer or smartphone by making a copy of the content to an online location .,1,2,1
Lieksaare Oy has earlier been regarded under the control of Saarelainen Oy and the individual shareholders under the shareholder agreement .,2,2,2
"Thus the group 's balance sheet will have about EUR 25.8 million of goodwill , the company added .",2,2,2
Finnish Raisio ( Diagnostics ) is launching new DNA-based quick tests to ensure the safety of food .,1,0,1
Latvenergo has ordered a significant expansion to the Tekla Xpower network information system .,2,0,2
"M-real Corporation Stock Exchange Release 27 August 2009 at 3.15 pm M-real has received the EUR 190 million cash payment from Sappi M-real Corporation , a part of Mets+帽liitto Group , divested its Graphic Papers business to Sappi Limited at the end of 2008 for EUR 750 million .",2,2,2
"In addition to its stake in MegaFon , Telecominvest currently owns 100 % of shares in Web Plus and St. Petersburg Payphones , 51 % in telecom equipment producer Peter-Servis and a number of other minor assets .",2,2,2
"The transaction doubles Tecnomens workforse , and adds a fourth to their net sales .",2,0,2
"Westpac Banking Corp - Is to issue a benchmark , 3 year FRN deal in Euros .",1,2,1
"Bids or offers include at least 1,000 shares and the value of the shares must correspond to at least EUR4 ,000 .",2,2,2
"The contract comprises a log handling line , a peeling line , and a veneer drying and grading line .",2,2,2
The acquisition is expected to take place by the end of August 2007 .,1,2,1
The results will enable the preparation of a conceptual plant design and capital estimates .,1,2,1
"The mall is part of the Baltic Pearl development project in the city of St Petersburg , where Baltic Pearl CJSC , a subsidiary of Shanghai Foreign Joint Investment Company , is developing homes for 35,000 people .",2,2,2
Finnish food industry companies are interested in the opportunities provided by Ukraine .,1,2,1
"A Helsinki : ELIiV today reported EPS of EUR1 .13 for 2009 , an increase over EPS of EUR1 .12 in 2008 .",1,0,1
Tekla Group 's net sales for 2006 were approximately 50 million euros and operating result 13.6 million euros .,1,2,1
"In the building and home improvement trade , sales decreased by 22.5 % to EUR 201.4 mn .",2,1,2
The properties were purchased from Swedish private equity real estate firm Niam and Goldman Sachs ' Whitehall Street Real Estate Funds .,1,2,1
"Compared with the FTSE 100 index , which fell 35.2 points ( or 0.6 % ) on the day , this was a relative price change of 0.6 % .",2,2,2
"About Marubeni Marubeni Corporation TSE : 8002 ; ADR : MARUY was established in 1858 , and is a core company of Marubeni Group , one of Japan 's leading general trading houses .",2,0,2
"After the takeover , Cramo will become the second largest rental services provider in the Latvian market .",1,0,1
Sales fell abroad but increased in Finland .,2,2,2
The company reported today an operating loss of EUR0 .1 m on net sales of EUR4 .5 m for the first quarter 2008 .,1,1,1
"In the building and home improvement trade , net sales totalled EUR 1,173 mn , down from EUR 1,566 mn a year earlier .",2,1,2
"FinancialWire tm is a fully independent , proprietary news wire service .",0,2,0
"A worm set to activate Friday will corrupt documents using the most common file types , including '' .",2,2,2
Pohjola could increase its stake to 45 % in 2013 .,1,2,1
It appears from statistics of the Technical Surveillance Authority that customers who switch service providers mostly transfer their numbers to Elisa 's network .,2,2,2
The value of the order is USD 2.2 mn .,1,2,1
"Investors will continue being interested in the company 's share although it is not quite cheap , Affarsvarlden said .",1,0,1
"The company 's board of directors will propose a dividend of EUR 0.95 per share for 2008 at the annual general meeting , scheduled to be held on March 23 , 2009 .",1,2,1
"According to Aktia Asset Management , Finnish analysts ' forecasts for 2009 are still too high .",2,1,2
"The broker started UPM-Kymmene , Stora Enso and Sappi with ` equal-weight ' recommendations and Holmen and Norske Skog with ` underweight ' ratings .",1,2,1
No changes in media activity were seen in October compared with September .,2,2,2
"Mr Ashley , deputy executive chairman of Sports Direct , sold a 43pc stake in the company for more than pounds 900m at the time of the float .",1,2,1
Operating profit rose to 22.1 mln eur from 19.9 mln .,1,0,1
HK Ruokatalo 's target is to know the consumers .,1,2,1
"Repair and maintenance business accounted for net sales of EUR 645.3 mn , up from EUR 563.6 mn .",1,0,1
"HELSINKI , Finland , Sept. 18 , 2009 ( GLOBE NEWSWIRE ) -- Ixonos Plc expands the company 's smartphone R&D services and establishes a new next-generation smartphone design unit in connection with Ixonos ' site in Jyvaeskylae .",1,0,1
"NAVTEQ has a commanding lead in installed map data systems in North American vehicles and may be the leader in turn-by-turn navigation data offered by services such as OnStar in North America , said analyst Phil Magney of Telematics Research Group in Minnetonka , Minn. .",1,0,1
Viking Line and STX Finland said on Monday that there were plans to build a 240 million euro ferry that would be launched on the Turku-Stockholm route in spring 2013 .,1,2,1
Last year SysOpen Digia invested in IBM product know-how in the building of portal and trading place systems and successfully implemented customer solutions supported by it .,1,0,1
"561,470 new shares under 2003 option rights plan Packaging company Huhtamaki Oyj reported on Monday that a total of 561,470 new shares of the company have been issued based on share subscriptions under its 2003 option rights plan .",1,2,1
Radiation and today is a full service house expert in radiation and nuclear safety issues .,1,2,1
Uponor maintains its full-year guidance for 2010 .,1,2,1
Rental of building equipment accounted for 88 percent of the operating income .,1,2,1
Tracker G400 is a GPS collar for hunting dogs allowing to monitor the dog 's position and movements with a map application for mobile phones .,2,2,2
"The plant is scheduled for completion in late February 2007 with hand over of some areas in January Two other suppliers of Nokia - Aspocomp Group Oyj and Perlos - have announced their plans to establish plants within the Nokia complex Together , they will invest Rs 365 crore .",2,2,2
"The port operator , however , favors retaining the port fees in 2010 , citing the owner , the governemtn of Estonia , commiting the port to pay EEK 400mn ( EUR 25.56 mn USD 36.44 mn ) in dividends to the state in 2009 and another EEK 300mn in 2010 .",2,2,2
"Votorantim Celulose e Papel ( VCP ) is part of the Votorantim Group , a major Brazilian conglomerate .",1,2,1
Each share is entitled to one vote .,1,2,1
"Finnair PLC carried a record 8.8 million passengers in 2006 , an increase of 3.5 percent on the previous year , the Finnish national carrier reported Tuesday .",1,0,1
The EUR17m contract includes both design and construction works .,1,2,1
Cash Flow from Operations for the most recent quarter also reached a eight year low .,2,1,2
"Professional and consumer applications include personal navigation , personal safety , field and workflow management , and asset tracking .",1,2,1
"A structures BIM ( building information modeling ) software from Tekla , a model-based software provider , has been adopted for the construction management and delivery of a university project in Abu Dhabi .",1,2,1
"Kaukopartio Oy has acquired specialized knowledge in Far Eastern operations , and industrial sourcing services are their core competence .",1,2,1
The CVs of the proposed members are available for viewing from 12 March 2008 onwards on the Internet at www.sampo.com/ir .,1,2,1
Finnish media group Talentum has issued a profit warning .,1,1,1
"`` We are delighted to announce our support for Intel based handheld platforms , the capabilities of which have made our development easier and faster .",1,0,1
"In the third quarter of 2007 , net sales totaled EUR 25.95 mn , and operating profit EUR 3.88 mn .",2,2,2
"`` This is a significant milestone for Benefon , helping us to secure critical USP 's for our personal navigation product roadmap for 2007 and beyond , '' commented Simon Button , Chief Technology Officer at Benefon .",2,0,2
"Department store sales improved by 14 % to EUR 1,070.6 mn .",1,0,1
The changes in readership were not significant .,0,2,0
BG Crane has a strong customer base in the on-road load handling and related installation and service businesses .,1,2,1
"The 50-50 joint venture , to be called Nokia Siemens Networks , will be comprised of Nokia 's network business group and Siemens ' carrier-related operations , creating estimated synergies of 1.5 billion euros ( $ 1.9 billion ) by 2010 , Nokia said .",1,0,1
"According to Viking Line 's Managing Director , Nils-Erik Eklund , the company 's Board of Directors is very satisfied with Viking Line 's performance .",1,0,1
"Comptel , a vendor of dynamic Operations Support System ( OSS ) software , has been selected by Orascom Telecom ( OTH ) as partner for provisioning and activation solutions for mobile services .",1,0,1
